,precision,recall,f1-score,support
0,1.0,1.0,1.0,200.0
1,1.0,1.0,1.0,200.0
2,1.0,1.0,1.0,200.0
3,0.5287958115183246,0.505,0.5166240409207161,200.0
4,0.5135135135135135,0.57,0.5402843601895735,200.0
5,0.9751243781094527,0.98,0.9775561097256857,200.0
6,1.0,1.0,1.0,200.0
7,0.9086021505376344,0.845,0.8756476683937824,200.0
accuracy,0.8625,0.8625,0.8625,0.8625
macro avg,0.8657544817098657,0.8624999999999999,0.8637640224037197,1600.0
weighted avg,0.8657544817098656,0.8625,0.8637640224037197,1600.0
