,precision,recall,f1-score,support
0,1.0,1.0,1.0,1000.0
1,1.0,1.0,1.0,1000.0
2,1.0,1.0,1.0,1000.0
3,0.5740932642487047,0.554,0.5638676844783715,1000.0
4,0.5711610486891385,0.61,0.5899419729206963,1000.0
5,0.9930417495029821,0.999,0.996011964107677,1000.0
6,1.0,1.0,1.0,1000.0
7,0.9292403746097815,0.893,0.9107598164201938,1000.0
accuracy,0.882,0.882,0.882,0.882
macro avg,0.8834420546313259,0.882,0.8825726797408673,8000.0
weighted avg,0.8834420546313259,0.882,0.8825726797408672,8000.0
